id,user_id,action,time
1,3,export,2021-10-31
2,5,delete,2021-10-20
3,5,select,2021-07-05
4,26,delete,2021-09-06
5,14,edit,2021-04-02
6,29,add,2021-04-16
7,6,export,2022-02-07
8,25,edit,2021-12-20
9,4,delete,2021-09-06
10,19,edit,2021-07-02
11,7,delete,2021-05-16
12,21,export,2021-11-02
13,19,add,2021-08-10
14,21,edit,2021-08-07
15,17,select,2021-10-23
16,9,select,2022-02-09
17,8,select,2021-11-22
18,12,edit,2021-06-20
19,30,edit,2022-03-28
20,8,edit,2021-07-23
21,9,delete,2022-01-01
22,27,add,2021-10-27
23,15,edit,2021-05-09
24,20,delete,2021-07-17
25,6,select,2022-02-04
26,15,delete,2021-11-25
27,4,edit,2021-04-30
28,13,edit,2021-09-05
29,2,edit,2021-10-31
30,25,add,2022-02-13
31,29,add,2022-02-20
32,14,delete,2021-12-30
33,23,select,2021-11-20
34,3,export,2021-11-08
35,10,delete,2021-11-08
36,27,edit,2021-08-11
37,7,export,2021-09-16
38,20,export,2021-11-06
39,15,edit,2021-09-24
40,25,export,2021-07-24
41,18,delete,2021-11-12
42,5,select,2021-08-25
43,23,add,2021-08-07
44,17,add,2022-02-20
45,19,edit,2022-03-14
46,27,add,2021-07-10
47,16,delete,2021-11-09
48,28,select,2021-08-12
49,13,edit,2022-03-20
50,13,export,2021-06-20
51,23,select,2021-12-24
52,20,select,2022-01-02
53,21,export,2021-04-19
54,11,edit,2021-06-04
55,2,delete,2021-12-06
56,13,select,2022-02-09
57,16,add,2021-12-18
58,21,select,2021-12-26
59,24,delete,2021-04-15
60,2,delete,2021-08-26
61,29,export,2021-11-26
62,12,select,2021-08-08
63,24,add,2021-06-24
64,8,edit,2021-10-30
65,26,add,2021-07-26
66,7,edit,2022-02-18
67,4,select,2021-04-12
68,20,select,2022-03-27
69,30,select,2022-03-29
70,14,add,2021-06-29
71,29,select,2022-01-28
72,8,delete,2021-05-29
73,3,select,2021-10-17
74,20,select,2021-12-07
75,9,edit,2021-04-04
76,16,export,2021-11-06
77,11,export,2021-04-01
78,13,export,2021-07-07
79,24,delete,2021-05-08
80,6,delete,2021-11-02
81,16,select,2021-06-24
82,19,export,2022-02-28
83,30,edit,2022-01-02
84,4,edit,2021-05-27
85,11,add,2021-10-19
86,5,edit,2022-02-06
87,4,delete,2022-02-16
88,7,select,2021-11-19
89,23,add,2021-09-14
90,21,delete,2021-05-27
91,11,select,2021-08-26
92,14,add,2021-04-10
93,21,edit,2021-07-02
94,11,delete,2022-03-08
95,20,add,2021-10-22
96,7,delete,2021-12-17
97,30,select,2021-12-25
98,7,delete,2021-08-10
99,13,export,2021-12-29
100,25,delete,2021-04-23
101,8,add,2022-01-12
102,4,delete,2021-04-16
103,6,edit,2021-06-26
104,20,select,2021-05-21
105,27,delete,2021-07-28
106,16,add,2021-12-04
107,15,delete,2021-05-13
108,11,delete,2021-06-20
109,14,edit,2021-09-03
110,13,edit,2022-02-09
111,26,edit,2021-07-04
112,6,select,2021-05-17
113,28,add,2021-08-29
114,19,export,2021-12-21
115,6,select,2021-09-13
116,7,export,2021-05-08
117,25,edit,2021-07-28
118,12,export,2021-11-03
119,25,select,2021-10-13
120,19,delete,2022-03-25
121,21,delete,2021-06-09
122,18,add,2021-12-07
123,23,delete,2021-06-04
124,17,add,2022-03-13
125,25,delete,2022-01-29
126,10,add,2021-06-29
127,7,delete,2021-09-16
128,24,add,2021-09-06
129,29,delete,2021-05-21
130,19,export,2021-04-09
131,9,add,2022-02-11
132,11,add,2022-03-09
133,2,export,2021-08-23
134,2,delete,2021-06-29
135,25,export,2021-11-15
136,11,export,2022-03-12
137,24,delete,2021-11-11
138,13,edit,2022-01-06
139,27,edit,2022-02-20
140,15,delete,2022-02-11
141,30,edit,2022-01-01
142,13,edit,2021-07-09
143,17,delete,2021-09-22
144,2,edit,2021-12-30
145,30,delete,2021-11-02
146,26,delete,2021-10-23
147,18,export,2021-06-25
148,25,select,2022-03-04
149,10,edit,2021-04-03
150,21,delete,2021-08-28
151,13,export,2021-06-29
152,30,export,2021-05-12
153,29,select,2021-12-11
154,18,select,2021-06-18
155,30,delete,2021-06-04
156,7,export,2021-09-30
157,10,edit,2022-03-29
158,22,edit,2021-07-26
159,7,delete,2022-03-23
160,6,select,2021-09-09
161,9,export,2021-06-19
162,3,add,2021-08-26
163,7,select,2022-01-16
164,30,add,2022-03-14
165,24,delete,2021-12-13
166,27,delete,2021-08-27
167,15,add,2021-10-17
168,2,delete,2021-12-31
169,13,add,2021-11-16
170,25,edit,2022-03-06
171,17,export,2021-12-24
172,21,edit,2022-02-11
173,14,edit,2022-01-14
174,29,export,2021-08-01
175,16,add,2021-05-16
176,23,add,2021-08-26
177,16,add,2022-01-30
178,26,export,2022-01-11
179,23,select,2021-10-15
180,14,add,2021-09-24
181,28,add,2021-05-17
182,4,delete,2021-11-11
183,14,add,2021-06-21
184,3,export,2021-07-17
185,11,export,2022-02-19
186,11,add,2021-04-09
187,20,add,2021-07-22
188,15,delete,2021-12-29
189,13,edit,2021-11-05
190,18,edit,2021-06-27
191,1,select,2022-01-02
192,14,delete,2022-03-15
193,24,add,2021-08-18
194,1,select,2021-05-16
195,22,select,2021-05-25
196,23,select,2022-02-07
197,10,select,2022-02-15
198,11,delete,2022-01-20
199,25,edit,2021-10-28
200,13,edit,2021-09-15
201,15,edit,2021-09-08
202,17,edit,2022-02-14
203,9,select,2021-05-31
204,11,select,2021-11-23
205,25,add,2022-02-16
206,15,delete,2021-12-30
207,19,select,2022-02-22
208,20,select,2022-01-15
209,9,add,2021-04-22
210,2,delete,2022-02-25
211,28,add,2021-10-18
212,2,select,2021-05-22
213,27,edit,2021-09-25
214,6,export,2021-12-17
215,4,edit,2021-06-26
216,29,delete,2021-04-29
217,15,select,2021-06-15
218,6,delete,2021-11-07
219,25,add,2022-02-17
220,2,add,2021-04-19
221,25,delete,2021-11-09
222,30,add,2021-12-10
223,25,select,2022-03-19
224,8,select,2021-07-16
225,11,export,2022-03-17
226,13,edit,2021-05-17
227,7,export,2021-04-05
228,27,export,2021-07-12
229,16,add,2021-05-30
230,25,export,2021-08-06
231,27,select,2022-03-25
232,18,export,2021-09-02
233,30,edit,2021-09-15
234,4,select,2021-12-24
235,24,export,2022-03-20
236,21,add,2021-08-29
237,7,select,2021-12-27
238,14,edit,2021-04-07
239,26,select,2021-12-18
240,14,delete,2021-07-25
241,20,edit,2021-07-12
242,6,add,2021-07-12
243,26,export,2021-08-27
244,9,select,2022-01-28
245,10,select,2021-04-28
246,15,edit,2022-03-28
247,3,delete,2021-09-23
248,7,add,2021-06-19
249,20,select,2022-01-19
250,23,export,2021-08-09
251,13,delete,2021-08-02
252,28,select,2021-07-11
253,7,export,2021-07-26
254,17,add,2021-04-08
255,1,export,2021-07-01
256,22,export,2022-01-26
257,19,delete,2022-01-30
258,11,edit,2022-02-19
259,30,select,2021-04-14
260,29,select,2022-01-10
261,23,delete,2021-07-01
262,20,export,2021-05-08
263,28,add,2022-02-27
264,12,edit,2021-09-26
265,29,export,2021-09-15
266,24,delete,2021-12-19
267,7,edit,2022-01-01
268,15,edit,2021-08-11
269,26,export,2022-01-17
270,27,export,2021-07-15
271,18,select,2021-07-15
272,3,export,2022-03-02
273,23,delete,2021-09-05
274,7,add,2021-07-25
275,27,edit,2021-07-17
276,13,edit,2022-03-26
277,5,select,2021-04-09
278,6,add,2022-01-16
279,14,export,2022-01-07
280,11,delete,2021-12-09
281,1,export,2022-03-11
282,16,add,2021-05-16
283,27,export,2021-12-16
284,29,edit,2021-05-29
285,2,add,2021-10-19
286,14,export,2021-04-17
287,18,select,2022-01-20
288,12,add,2022-01-28
289,1,delete,2021-11-17
290,28,add,2021-10-29
291,9,delete,2021-07-05
292,9,delete,2021-10-26
293,21,delete,2021-11-21
294,7,select,2021-07-25
295,10,edit,2021-04-10
296,18,select,2021-09-03
297,26,export,2021-04-18
298,23,export,2021-10-17
299,11,edit,2021-06-25
300,13,select,2021-05-08
301,30,delete,2021-10-13
302,20,select,2022-03-31
303,12,export,2021-11-01
304,16,select,2021-12-11
305,27,select,2021-05-31
306,29,add,2021-05-17
307,25,add,2021-08-03
308,13,edit,2021-12-13
309,29,add,2022-02-20
310,24,add,2022-02-18
311,16,select,2021-07-05
312,23,select,2021-12-24
313,13,select,2022-01-04
314,22,select,2021-07-24
315,16,select,2021-10-18
316,21,export,2021-08-05
317,21,delete,2022-02-05
318,19,delete,2022-01-14
319,26,edit,2021-08-10
320,3,add,2021-09-07
321,1,export,2022-03-08
322,7,add,2022-02-03
323,20,select,2021-05-17
324,29,delete,2021-10-21
325,28,add,2021-07-18
326,19,select,2021-06-10
327,13,add,2022-01-04
328,8,select,2021-11-10
329,14,add,2021-04-17
330,15,export,2021-11-20
331,16,add,2022-01-25
332,25,select,2021-07-20
333,22,select,2022-02-25
334,27,delete,2021-07-19
335,28,add,2021-06-20
336,5,delete,2022-02-23
337,23,select,2021-09-22
338,29,select,2021-09-08
339,19,add,2021-11-03
340,24,delete,2022-03-07
341,22,select,2021-04-22
342,13,delete,2021-06-28
343,29,export,2022-02-25
344,23,edit,2022-03-16
345,10,delete,2021-09-15
346,2,delete,2021-11-03
347,22,edit,2021-11-07
348,4,add,2022-01-16
349,11,select,2021-05-21
350,13,add,2021-04-08
351,3,select,2021-07-26
352,12,export,2021-04-18
353,19,add,2021-07-08
354,1,delete,2021-12-11
355,10,export,2022-01-27
356,20,export,2021-12-06
357,13,edit,2021-12-30
358,1,edit,2021-11-08
359,30,delete,2021-06-29
360,28,delete,2022-01-04
361,6,delete,2021-08-30
362,10,add,2021-11-20
363,11,add,2022-03-13
364,27,edit,2021-07-17
365,11,select,2021-08-21
366,15,add,2021-10-14
367,27,select,2022-02-14
368,25,add,2022-02-04
369,24,delete,2021-12-20
370,27,export,2021-12-20
371,14,edit,2022-03-05
372,4,export,2021-12-01
373,28,edit,2021-12-03
374,26,add,2021-08-03
375,19,export,2022-02-11
376,20,export,2021-06-25
377,11,delete,2022-03-20
378,9,export,2021-05-07
379,2,edit,2022-02-12
380,19,add,2022-02-28
381,1,select,2021-10-22
382,8,select,2022-03-25
383,14,add,2021-08-03
384,22,export,2021-10-08
385,2,add,2021-10-16
386,29,select,2021-04-29
387,12,export,2022-02-16
388,10,select,2021-09-29
389,30,export,2021-11-03
390,25,select,2021-12-08
391,30,delete,2022-03-26
392,22,select,2021-10-07
393,30,export,2021-08-24
394,17,select,2021-06-07
395,20,export,2021-08-21
396,9,add,2021-07-04
397,6,export,2022-01-15
398,13,export,2021-11-02
399,22,select,2021-08-09
400,12,export,2021-07-30
401,25,add,2021-04-08
402,26,export,2021-10-04
403,3,delete,2021-07-20
404,21,export,2021-11-11
405,8,select,2021-05-24
406,27,export,2021-05-02
407,6,add,2021-07-01
408,29,export,2022-03-28
409,24,select,2021-07-08
410,15,export,2021-09-01
411,22,export,2022-03-18
412,25,edit,2021-09-26
413,12,export,2021-12-22
414,22,add,2021-06-28
415,22,export,2021-06-06
416,16,export,2021-07-08
417,6,export,2021-10-07
418,25,edit,2021-04-04
419,11,add,2021-09-29
420,3,add,2021-05-26
421,1,select,2021-10-18
422,11,select,2022-02-06
423,20,select,2021-11-15
424,14,delete,2021-09-15
425,24,delete,2021-09-05
426,2,delete,2021-05-14
427,18,select,2022-01-09
428,25,edit,2021-04-24
429,25,add,2021-10-14
430,24,export,2022-01-14
431,12,delete,2021-09-09
432,26,export,2021-07-15
433,12,edit,2021-11-03
434,28,export,2021-07-03
435,19,delete,2022-02-02
436,27,delete,2021-10-28
437,29,select,2021-07-03
438,25,delete,2022-01-19
439,25,edit,2021-10-25
440,20,export,2022-02-06
441,12,edit,2021-07-28
442,29,delete,2022-02-21
443,27,export,2021-11-22
444,25,edit,2021-07-31
445,28,export,2021-10-30
446,1,edit,2021-11-02
447,10,add,2022-01-19
448,14,add,2021-10-15
449,7,edit,2021-08-05
450,18,select,2021-07-22
451,8,export,2022-03-02
452,23,select,2022-01-09
453,14,delete,2021-12-20
454,20,delete,2022-03-16
455,28,edit,2021-08-20
456,19,export,2021-09-11
457,17,edit,2022-03-01
458,5,delete,2021-06-22
459,9,select,2021-12-11
460,10,edit,2021-11-16
461,5,add,2022-03-19
462,30,select,2021-09-06
463,28,add,2022-03-25
464,22,select,2021-05-14
465,12,select,2022-02-24
466,1,delete,2021-10-10
467,22,select,2022-01-17
468,6,edit,2021-06-09
469,18,add,2021-05-02
470,7,delete,2021-07-04
471,27,edit,2021-12-24
472,14,delete,2022-02-28
473,19,export,2022-02-09
474,11,edit,2021-06-06
475,17,add,2022-01-29
476,23,select,2021-09-19
477,1,add,2021-05-18
478,19,export,2021-08-26
479,26,add,2021-10-11
480,4,edit,2021-07-01
481,11,edit,2021-07-29
482,24,export,2022-02-01
483,6,add,2021-12-03
484,9,add,2021-05-07
485,5,select,2021-09-01
486,1,export,2022-02-02
487,21,add,2021-08-29
488,2,delete,2022-03-14
489,20,add,2021-04-05
490,30,select,2021-09-03
491,24,add,2021-10-25
492,16,delete,2022-01-07
493,23,select,2021-06-22
494,11,export,2021-10-25
495,25,select,2021-08-12
496,25,add,2021-10-18
497,29,delete,2022-02-02
498,7,select,2021-05-27
499,5,select,2021-09-05
500,17,edit,2021-07-30
501,29,edit,2021-07-28
502,8,add,2022-01-29
503,24,delete,2021-04-02
504,29,delete,2022-01-07
505,30,edit,2022-02-02
506,21,delete,2021-12-08
507,4,edit,2021-06-06
508,1,edit,2022-03-26
509,16,edit,2021-05-05
510,17,select,2021-12-30
511,21,add,2021-07-28
512,27,edit,2022-02-22
513,14,edit,2021-12-23
514,4,delete,2022-03-10
515,17,edit,2021-06-22
516,2,edit,2021-12-05
517,14,add,2021-06-07
518,26,select,2021-05-11
519,22,delete,2021-10-17
520,17,export,2021-12-13
521,3,add,2021-08-30
522,21,export,2022-03-15
523,7,select,2021-08-12
524,15,delete,2021-08-21
525,1,edit,2021-07-15
526,13,add,2021-10-03
527,4,select,2021-11-05
528,14,delete,2021-10-13
529,19,select,2021-05-15
530,25,add,2021-09-07
531,26,delete,2021-11-05
532,21,add,2021-10-16
533,24,edit,2022-02-04
534,21,select,2021-09-16
535,5,select,2021-06-25
536,22,add,2021-11-30
537,8,delete,2022-03-15
538,27,edit,2021-07-02
539,16,select,2021-04-26
540,1,add,2021-10-02
541,16,add,2021-05-06
542,7,select,2022-02-28
543,17,select,2022-03-14
544,5,select,2021-07-10
545,1,edit,2021-05-26
546,6,select,2021-11-13
547,6,export,2021-12-02
548,29,select,2021-07-18
549,3,add,2021-11-13
550,29,add,2021-11-07
551,1,add,2021-08-21
552,3,export,2021-09-24
553,11,delete,2022-01-12
554,1,export,2021-11-28
555,16,export,2022-03-09
556,22,add,2022-01-14
557,7,delete,2021-05-09
558,22,select,2021-10-14
559,25,add,2022-02-13
560,10,delete,2021-12-03
561,30,edit,2021-04-26
562,21,edit,2022-01-02
563,3,select,2021-08-09
564,10,select,2022-03-05
565,4,select,2021-12-10
566,7,delete,2022-02-02
567,26,export,2021-09-30
568,22,add,2021-04-07
569,11,select,2021-11-20
570,16,add,2021-07-26
571,12,delete,2021-05-01
572,4,delete,2021-11-19
573,20,edit,2021-04-11
574,10,edit,2021-06-03
575,21,select,2021-08-28
576,26,edit,2021-06-06
577,29,select,2022-02-23
578,25,select,2021-08-19
579,6,add,2022-02-28
580,26,edit,2021-12-10
581,8,add,2022-03-17
582,24,edit,2021-10-20
583,27,add,2021-08-12
584,8,add,2022-03-31
585,24,select,2022-03-11
586,22,add,2022-01-04
587,29,export,2021-07-12
588,4,add,2021-08-04
589,4,edit,2021-11-03
590,12,delete,2022-01-25
591,11,export,2021-10-03
592,16,delete,2022-01-11
593,23,export,2022-01-30
594,29,select,2022-03-13
595,17,delete,2021-09-27
596,26,select,2021-10-22
597,23,export,2021-11-13
598,9,edit,2022-03-30
599,15,add,2022-03-13
600,20,export,2021-12-09
601,1,delete,2021-05-24
602,25,add,2022-03-20
603,24,delete,2022-03-06
604,6,delete,2022-03-27
605,20,edit,2022-01-25
606,3,export,2021-09-08
607,24,select,2021-08-13
608,29,delete,2021-07-04
609,30,add,2021-05-24
610,29,select,2021-09-11
611,3,select,2021-12-28
612,11,add,2021-04-02
613,4,select,2021-12-26
614,16,add,2021-09-15
615,27,edit,2021-07-10
616,11,delete,2021-10-14
617,12,edit,2021-12-02
618,28,delete,2021-06-15
619,10,select,2021-12-03
620,19,add,2021-10-18
621,20,export,2021-11-14
622,15,export,2022-01-05
623,16,edit,2021-11-01
624,10,delete,2021-09-24
625,24,add,2021-08-20
626,26,delete,2021-12-19
627,11,add,2021-10-19
628,6,select,2021-09-18
629,7,export,2021-05-20
630,14,edit,2021-04-28
631,17,edit,2022-01-13
632,1,select,2021-10-31
633,26,select,2021-10-06
634,11,delete,2022-03-04
635,5,edit,2021-06-13
636,14,select,2021-11-04
637,18,edit,2021-07-24
638,26,select,2021-10-15
639,17,select,2021-10-10
640,5,select,2022-03-24
641,2,export,2022-01-23
642,10,delete,2022-03-25
643,23,delete,2021-12-16
644,11,add,2021-04-23
645,21,edit,2021-09-28
646,9,edit,2021-05-30
647,14,export,2022-01-25
648,30,export,2021-06-06
649,2,delete,2021-06-23
650,1,edit,2021-06-07
651,22,export,2021-04-19
652,22,export,2021-05-09
653,21,select,2021-12-29
654,13,select,2022-02-21
655,26,edit,2022-02-04
656,10,select,2021-08-30
657,5,edit,2021-09-14
658,27,add,2021-07-24
659,16,edit,2021-06-22
660,21,export,2021-09-20
661,13,select,2021-12-14
662,11,edit,2021-12-03
663,10,delete,2021-08-27
664,12,edit,2022-02-06
665,12,delete,2022-03-22
666,26,select,2021-06-29
667,2,export,2022-01-22
668,3,delete,2022-03-26
669,19,add,2022-03-01
670,25,add,2021-08-11
671,25,edit,2022-01-30
672,21,edit,2022-02-22
673,2,delete,2021-10-21
674,22,add,2021-04-23
675,24,select,2021-08-10
676,30,export,2021-12-11
677,9,select,2021-03-31
678,17,select,2021-12-23
679,17,export,2021-09-25
680,6,select,2021-10-17
681,16,edit,2021-06-08
682,1,delete,2021-12-17
683,15,select,2021-11-15
684,11,select,2021-07-09
685,13,edit,2021-06-15
686,29,export,2021-10-20
687,15,add,2022-02-24
688,14,add,2022-01-21
689,5,delete,2021-07-12
690,16,select,2021-10-06
691,29,add,2021-07-16
692,14,add,2022-03-30
693,7,export,2021-07-21
694,6,select,2021-08-13
695,26,select,2021-07-07
696,30,edit,2022-01-05
697,25,export,2021-10-11
698,6,edit,2022-01-28
699,11,add,2021-05-14
700,26,export,2022-02-01
701,4,select,2021-12-15
702,6,export,2021-11-04
703,22,delete,2021-05-31
704,21,export,2021-11-23
705,3,add,2021-12-01
706,5,select,2021-10-16
707,12,edit,2021-12-24
708,11,delete,2021-05-26
709,27,edit,2021-11-28
710,9,add,2022-01-07
711,29,export,2021-11-23
712,18,export,2022-01-11
713,10,select,2021-10-19
714,18,edit,2021-11-27
715,25,add,2021-12-11
716,3,edit,2021-06-21
717,22,edit,2021-08-09
718,3,edit,2021-07-02
719,28,edit,2021-12-08
720,26,export,2021-04-14
721,24,delete,2021-09-19
722,28,delete,2021-10-25
723,9,edit,2021-08-08
724,21,delete,2021-11-03
725,19,export,2021-06-23
726,14,edit,2022-02-12
727,8,export,2021-11-15
728,22,edit,2022-01-23
729,11,export,2022-03-28
730,1,edit,2021-12-15
731,28,add,2021-07-05
732,8,delete,2021-10-12
733,18,edit,2022-01-14
734,3,export,2022-01-29
735,28,edit,2021-09-27
736,19,add,2021-04-30
737,21,add,2021-10-18
738,13,add,2021-05-05
739,22,add,2021-07-07
740,7,add,2022-03-03
741,22,edit,2021-12-12
742,6,export,2021-12-12
743,22,add,2021-12-30
744,14,edit,2021-10-14
745,28,edit,2022-01-05
746,21,delete,2021-12-18
747,1,add,2021-12-28
748,19,edit,2021-12-02
749,30,delete,2021-12-21
750,15,export,2022-01-01
751,20,export,2021-12-22
752,7,select,2021-09-07
753,3,add,2022-01-13
754,23,export,2022-03-31
755,13,add,2022-02-16
756,10,add,2022-03-21
757,20,select,2021-05-18
758,16,edit,2021-11-19
759,14,add,2021-04-07
760,2,edit,2022-01-11
761,22,add,2021-06-19
762,11,delete,2021-06-04
763,6,delete,2021-09-12
764,6,select,2021-12-27
765,10,add,2021-09-19
766,17,add,2021-12-05
767,1,export,2021-12-04
768,16,export,2021-11-12
769,6,add,2022-03-05
770,18,add,2021-07-08
771,4,delete,2022-02-25
772,12,add,2021-07-30
773,2,edit,2021-08-14
774,25,edit,2021-04-11
775,28,export,2021-12-09
776,4,add,2021-05-24
777,2,edit,2021-10-05
778,1,delete,2021-09-27
779,9,edit,2021-11-09
780,12,edit,2021-06-14
781,20,delete,2021-08-20
782,22,add,2022-02-05
783,28,select,2021-04-26
784,29,export,2021-07-27
785,28,edit,2022-01-25
786,1,delete,2021-05-12
787,28,add,2021-09-15
788,4,export,2022-03-02
789,1,select,2021-06-23
790,13,add,2021-10-06
791,19,add,2021-06-09
792,2,add,2022-02-09
793,29,select,2021-05-24
794,7,edit,2021-12-06
795,3,export,2021-08-22
796,27,export,2021-08-20
797,12,edit,2021-04-10
798,16,add,2021-09-06
799,30,select,2021-05-08
800,26,delete,2022-03-09
801,30,export,2021-11-11
802,1,select,2021-12-08
803,22,delete,2022-02-02
804,11,add,2021-11-09
805,29,add,2021-04-10
806,19,export,2021-06-12
807,21,edit,2022-01-29
808,17,delete,2022-02-03
809,4,edit,2021-10-02
810,11,export,2022-03-06
811,24,select,2022-02-14
812,13,export,2021-04-11
813,26,select,2021-08-15
814,28,delete,2021-04-01
815,13,delete,2022-01-11
816,30,export,2021-05-29
817,3,select,2022-02-01
818,20,add,2021-11-05
819,16,select,2021-11-17
820,30,edit,2021-07-14
821,6,edit,2021-12-04
822,3,delete,2021-08-11
823,2,add,2021-06-15
824,3,add,2021-06-26
825,26,delete,2022-02-27
826,29,edit,2022-01-19
827,4,export,2021-08-15
828,21,export,2021-08-03
829,18,export,2021-05-16
830,9,select,2021-07-31
831,30,delete,2021-11-09
832,26,add,2021-11-11
833,22,export,2022-02-10
834,7,add,2022-03-17
835,30,edit,2021-05-19
836,22,edit,2021-09-24
837,27,delete,2021-09-07
838,28,export,2021-04-08
839,20,export,2021-04-11
840,14,delete,2021-09-01
841,8,delete,2022-02-23
842,19,export,2021-10-05
843,10,delete,2021-10-10
844,9,edit,2021-04-04
845,8,delete,2021-12-06
846,5,select,2021-10-19
847,22,export,2021-09-22
848,9,export,2021-09-01
849,16,edit,2022-01-31
850,5,add,2021-04-13
851,20,delete,2021-11-19
852,10,add,2021-12-11
853,11,delete,2022-03-24
854,25,add,2021-09-24
855,16,export,2021-05-25
856,7,add,2021-07-01
857,20,edit,2022-02-06
858,18,edit,2021-10-07
859,7,delete,2021-07-31
860,18,add,2021-07-28
861,17,delete,2021-04-03
862,18,export,2021-04-12
863,13,edit,2021-09-10
864,20,delete,2022-01-25
865,17,delete,2021-08-12
866,23,edit,2021-10-15
867,13,edit,2022-01-02
868,30,add,2021-04-18
869,23,delete,2021-05-19
870,18,edit,2021-04-13
871,19,export,2021-07-13
872,13,add,2021-11-13
873,12,edit,2021-05-29
874,14,delete,2021-10-02
875,18,delete,2021-07-03
876,8,edit,2021-11-30
877,28,edit,2022-02-05
878,27,delete,2021-06-28
879,15,select,2022-02-22
880,10,add,2022-02-22
881,1,export,2021-06-26
882,28,delete,2021-12-22
883,7,edit,2021-11-04
884,7,add,2021-10-09
885,7,edit,2021-06-11
886,4,add,2021-11-01
887,3,select,2021-09-02
888,18,add,2021-06-17
889,14,select,2022-03-04
890,23,add,2021-04-03
891,15,edit,2022-02-22
892,15,edit,2021-08-14
893,10,delete,2021-07-04
894,10,select,2021-08-20
895,29,select,2022-03-09
896,4,add,2021-09-18
897,3,edit,2022-03-12
898,11,export,2021-12-13
899,29,select,2022-02-18
900,3,edit,2022-02-23
901,10,add,2022-01-14
902,5,edit,2022-02-12
903,27,export,2021-08-06
904,9,add,2021-12-25
905,8,add,2022-03-15
906,2,add,2021-10-24
907,27,edit,2021-08-01
908,6,edit,2021-06-26
909,8,export,2021-09-13
910,1,edit,2021-12-06
911,26,add,2021-05-16
912,27,add,2021-10-17
913,11,select,2022-03-21
914,2,add,2021-04-22
915,19,select,2021-09-09
916,6,edit,2021-08-17
917,30,add,2021-09-08
918,7,select,2021-08-28
919,30,delete,2021-08-03
920,27,add,2021-07-30
921,15,delete,2021-10-08
922,28,delete,2021-10-07
923,2,delete,2021-05-11
924,26,edit,2021-08-31
925,14,add,2021-07-14
926,29,add,2021-05-24
927,2,delete,2021-08-30
928,10,delete,2021-12-28
929,7,add,2021-04-21
930,17,add,2022-03-04
931,2,add,2021-04-12
932,17,edit,2021-10-06
933,23,export,2021-08-08
934,11,add,2021-12-24
935,25,delete,2021-06-15
936,21,export,2021-09-21
937,4,edit,2021-08-12
938,17,export,2021-11-17
939,26,edit,2021-08-31
940,1,delete,2021-04-27
941,5,edit,2022-03-23
942,10,export,2021-11-18
943,10,export,2021-08-09
944,5,edit,2021-11-02
945,22,select,2021-05-23
946,12,edit,2022-03-08
947,9,edit,2021-12-09
948,12,export,2021-05-22
949,10,delete,2021-12-18
950,20,select,2022-02-05
951,5,add,2022-03-23
952,17,export,2021-11-30
953,4,delete,2021-09-14
954,14,export,2021-07-01
955,16,add,2021-10-21
956,19,edit,2021-12-05
957,26,edit,2022-02-10
958,13,delete,2021-07-21
959,5,add,2022-03-04
960,16,edit,2022-03-20
961,18,add,2021-04-11
962,21,delete,2022-03-30
963,20,delete,2022-01-18
964,15,delete,2022-02-23
965,15,select,2021-06-02
966,22,export,2021-11-09
967,18,add,2021-12-24
968,7,export,2021-07-10
969,24,export,2021-06-18
970,20,select,2021-07-25
971,10,delete,2021-04-14
972,5,delete,2021-04-25
973,20,add,2021-06-14
974,17,delete,2021-05-09
975,5,delete,2021-10-27
976,23,delete,2022-02-12
977,12,delete,2021-05-01
978,7,add,2021-07-12
979,2,export,2021-05-08
980,10,add,2021-04-21
981,30,select,2022-02-27
982,13,delete,2021-07-12
983,25,select,2021-09-08
984,4,edit,2021-11-11
985,23,export,2022-03-08
986,15,select,2021-12-19
987,17,add,2022-01-10
988,24,delete,2021-12-10
989,18,delete,2021-12-19
990,2,delete,2021-05-08
991,24,export,2021-05-21
992,17,export,2022-03-19
993,12,edit,2021-08-29
994,16,edit,2021-04-17
995,30,select,2022-03-07
996,9,delete,2022-01-09
997,2,edit,2021-05-27
998,20,export,2022-03-11
999,21,add,2021-06-03
1000,11,select,2021-07-17
1001,9,add,2021-10-10
1002,6,export,2021-04-24
1003,2,export,2021-09-10
1004,14,delete,2021-05-24
1005,2,add,2021-08-28
1006,18,delete,2021-05-02
1007,7,delete,2021-05-29
1008,19,select,2021-07-08
1009,27,add,2021-06-23
1010,23,add,2021-12-06
1011,30,add,2021-09-18
1012,30,select,2022-02-15
1013,21,edit,2021-04-20
1014,17,select,2021-06-27
1015,29,edit,2022-02-19
1016,15,delete,2021-09-18
1017,12,select,2021-10-19
1018,11,export,2021-07-18
1019,30,export,2021-11-13
1020,13,select,2021-09-14
1021,2,export,2021-09-09
1022,24,delete,2022-03-21
1023,12,select,2021-09-02
1024,23,select,2021-04-02
1025,7,edit,2021-08-11
1026,1,select,2021-07-06
1027,28,delete,2022-02-22
1028,1,delete,2022-02-03
1029,10,add,2021-08-16
1030,3,export,2021-10-31
1031,16,select,2021-05-12
1032,10,export,2021-10-01
1033,5,edit,2021-04-02
1034,14,delete,2021-11-05
1035,11,delete,2022-03-16
1036,23,add,2022-03-31
1037,5,add,2021-09-18
1038,6,edit,2021-04-21
1039,9,delete,2021-10-02
1040,4,export,2022-02-14
1041,9,export,2022-01-17
1042,5,edit,2021-07-15
1043,9,select,2021-08-02
1044,6,add,2021-12-15
1045,14,edit,2021-06-19
1046,11,edit,2021-11-04
1047,28,add,2022-03-10
1048,14,export,2021-04-12
1049,4,delete,2021-08-25
1050,2,edit,2021-05-07
1051,24,export,2021-08-10
1052,11,export,2021-06-14
1053,25,select,2021-10-05
1054,2,export,2021-07-27
1055,28,edit,2021-08-05
1056,11,delete,2021-08-21
1057,10,export,2022-03-23
1058,21,delete,2022-03-15
1059,3,select,2021-11-17
1060,10,select,2021-11-10
1061,11,edit,2021-12-22
1062,2,add,2021-04-07
1063,21,edit,2022-02-09
1064,5,add,2021-04-29
1065,13,select,2021-09-19
1066,18,delete,2021-11-29
1067,4,select,2021-07-28
1068,25,edit,2021-04-15
1069,26,delete,2021-10-05
1070,19,delete,2022-01-18
1071,4,export,2022-01-23
1072,4,export,2022-02-05
1073,23,select,2021-09-19
1074,10,add,2022-02-19
1075,3,select,2021-08-04
1076,26,edit,2021-10-03
1077,9,export,2021-08-24
1078,27,select,2021-11-22
1079,25,edit,2021-12-05
1080,12,export,2021-05-16
1081,24,edit,2022-02-20
1082,9,edit,2021-10-08
1083,8,export,2021-11-04
1084,12,select,2021-12-15
1085,6,export,2021-09-17
1086,13,select,2021-06-26
1087,30,export,2021-06-28
1088,5,export,2021-12-20
1089,2,edit,2021-07-23
1090,3,add,2021-12-22
1091,19,select,2021-09-15
1092,20,export,2022-03-15
1093,22,edit,2021-11-04
1094,15,edit,2021-07-20
1095,4,delete,2021-09-21
1096,25,delete,2021-06-01
1097,12,export,2022-03-29
1098,24,edit,2021-07-05
1099,14,export,2021-08-13
1100,17,delete,2021-08-16
1101,2,select,2021-11-23
1102,9,export,2021-05-11
1103,25,edit,2021-12-09
1104,17,select,2021-08-30
1105,3,edit,2021-11-14
1106,30,select,2022-02-14
1107,18,select,2021-09-20
1108,5,add,2021-09-05
1109,29,export,2021-08-09
1110,8,select,2022-03-12
1111,30,delete,2021-06-21
1112,24,export,2021-04-13
1113,30,add,2021-07-28
1114,29,export,2021-05-19
1115,29,select,2021-10-30
1116,26,delete,2022-02-07
1117,15,select,2021-12-22
1118,18,edit,2022-03-21
1119,22,export,2021-09-13
1120,23,export,2021-09-22
1121,10,edit,2022-01-01
1122,15,select,2021-09-16
1123,29,edit,2021-06-28
1124,1,export,2021-10-01
1125,25,select,2021-11-13
1126,29,select,2021-10-26
1127,24,edit,2021-12-09
1128,18,edit,2021-06-02
1129,29,edit,2021-09-02
1130,22,delete,2021-07-23
1131,16,add,2021-11-02
1132,14,add,2022-02-05
1133,17,select,2022-01-01
1134,2,delete,2021-07-22
1135,20,select,2021-06-13
1136,6,edit,2021-09-13
1137,8,export,2021-09-04
1138,18,edit,2021-06-23
1139,16,export,2021-05-06
1140,27,delete,2021-09-11
1141,10,select,2021-11-03
1142,23,add,2021-12-08
1143,30,add,2022-01-19
1144,14,add,2021-08-30
1145,19,delete,2021-05-31
1146,2,edit,2021-12-07
1147,26,export,2022-02-12
1148,14,edit,2022-01-01
1149,16,add,2021-04-03
1150,24,delete,2021-11-02
1151,8,export,2022-02-07
1152,15,add,2022-01-29
1153,10,edit,2021-12-24
1154,9,delete,2021-08-17
1155,6,edit,2021-04-19
1156,1,export,2021-08-25
1157,13,delete,2022-01-21
1158,22,export,2021-05-06
1159,7,export,2021-05-18
1160,2,edit,2021-11-16
1161,2,export,2021-12-08
1162,2,delete,2021-04-07
1163,20,delete,2021-08-06
1164,8,select,2021-04-01
1165,28,add,2022-01-24
1166,3,add,2021-06-20
1167,19,select,2021-12-27
1168,7,add,2021-08-25
1169,19,edit,2021-09-17
1170,15,export,2021-10-22
1171,23,edit,2021-04-24
1172,1,edit,2021-07-08
1173,24,delete,2021-05-22
1174,10,edit,2021-09-20
1175,22,edit,2021-06-26
1176,30,delete,2022-02-19
1177,8,edit,2022-01-23
1178,24,add,2022-02-02
1179,7,export,2022-02-28
1180,13,add,2021-12-13
1181,27,add,2021-12-27
1182,28,export,2021-11-28
1183,7,edit,2021-06-23
1184,2,delete,2022-02-11
1185,2,add,2021-07-17
1186,28,delete,2021-11-14
1187,11,edit,2022-01-22
1188,8,edit,2021-10-26
1189,25,delete,2021-09-14
1190,21,select,2022-02-21
1191,21,add,2021-11-24
1192,25,delete,2021-08-03
1193,10,add,2021-04-21
1194,27,add,2021-10-17
1195,3,delete,2021-06-26
1196,19,select,2021-09-10
1197,3,select,2021-10-18
1198,27,add,2021-04-22
1199,5,edit,2021-05-24
1200,29,delete,2021-08-16
1201,7,delete,2021-12-19
1202,9,select,2021-11-28
1203,2,edit,2021-10-31
1204,18,delete,2021-11-18
1205,20,export,2021-11-27
1206,20,edit,2021-10-20
1207,1,select,2021-12-20
1208,2,add,2021-05-30
1209,20,export,2021-10-19
1210,6,edit,2021-09-01
1211,28,export,2021-06-13
1212,7,delete,2022-01-16
1213,20,delete,2021-12-12
1214,14,delete,2021-07-08
1215,16,delete,2022-02-09
1216,30,export,2021-09-16
1217,12,edit,2021-11-17
1218,7,edit,2021-11-08
1219,25,add,2022-02-23
1220,11,add,2022-03-15
1221,6,delete,2021-11-19
1222,14,select,2021-04-26
1223,26,add,2021-05-02
1224,30,delete,2021-12-25
1225,11,add,2022-01-26
1226,30,edit,2021-10-11
1227,5,edit,2021-08-29
1228,13,select,2021-10-28
1229,18,edit,2021-12-25
1230,14,export,2021-07-28
1231,3,edit,2021-10-02
1232,24,select,2021-09-20
1233,26,delete,2021-08-21
1234,2,select,2021-08-24
1235,7,add,2022-03-22
1236,22,edit,2021-09-27
1237,8,edit,2021-04-04
1238,10,export,2022-02-02
1239,27,delete,2021-11-10
1240,23,add,2022-01-06
1241,13,export,2021-07-28
1242,2,edit,2021-06-07
1243,20,select,2021-07-28
1244,23,export,2021-11-02
1245,21,select,2022-01-21
1246,5,edit,2021-08-18
1247,3,add,2021-04-06
1248,19,delete,2021-06-16
1249,14,delete,2021-05-13
1250,10,edit,2022-01-06
1251,15,add,2021-12-02
1252,6,select,2021-07-08
1253,25,select,2021-06-17
1254,6,select,2021-08-03
1255,17,export,2021-09-05
1256,9,edit,2022-01-18
1257,10,delete,2022-03-13
1258,28,delete,2022-02-04
1259,12,select,2021-11-15
1260,26,edit,2021-12-24
1261,20,add,2021-10-29
1262,20,delete,2021-07-16
1263,4,add,2021-12-28
1264,26,export,2021-06-14
1265,30,edit,2022-03-01
1266,11,select,2021-08-10
1267,20,export,2021-04-15
1268,15,edit,2021-04-27
1269,25,delete,2021-12-28
1270,3,export,2021-05-13
1271,4,edit,2021-11-16
1272,20,select,2021-07-31
1273,20,export,2021-12-10
1274,6,edit,2021-11-07
1275,5,export,2022-02-24
1276,5,add,2022-01-26
1277,20,select,2021-10-02
1278,5,export,2021-08-27
1279,7,edit,2021-12-04
1280,10,add,2021-11-27
1281,29,export,2021-08-01
1282,29,export,2021-08-15
1283,10,delete,2021-10-01
1284,6,select,2021-05-30
1285,13,edit,2022-03-15
1286,10,edit,2022-03-15
1287,8,add,2021-10-14
1288,29,delete,2021-07-20
1289,7,delete,2021-12-20
1290,6,select,2021-11-21
1291,27,export,2022-01-29
1292,10,delete,2022-03-12
1293,19,select,2022-02-14
1294,6,edit,2021-04-08
1295,9,export,2021-12-12
1296,3,select,2022-01-01
1297,23,delete,2021-12-24
1298,2,add,2021-05-23
1299,29,export,2022-02-05
1300,15,select,2021-11-03
1301,27,add,2022-01-23
1302,11,edit,2021-06-01
1303,2,delete,2021-09-11
1304,8,delete,2021-12-25
1305,6,edit,2021-11-17
1306,10,add,2021-04-01
1307,20,delete,2022-01-10
1308,5,export,2021-04-26
1309,21,select,2021-10-12
1310,14,delete,2021-04-02
1311,17,select,2021-05-04
1312,8,export,2021-04-06
1313,5,export,2021-12-18
1314,10,add,2021-04-23
1315,11,add,2021-10-07
1316,6,add,2021-09-19
1317,29,edit,2022-01-25
1318,23,export,2022-01-22
1319,20,delete,2021-06-26
1320,27,delete,2022-03-31
1321,12,edit,2022-03-15
1322,29,add,2021-04-09
1323,28,edit,2022-03-31
1324,10,edit,2021-06-11
1325,25,delete,2022-03-21
1326,9,delete,2021-08-26
1327,15,add,2022-02-18
1328,18,edit,2021-04-23
1329,24,select,2021-04-04
1330,25,edit,2021-09-21
1331,24,export,2021-05-29
1332,30,select,2021-10-12
1333,19,add,2021-08-25
1334,21,select,2021-04-05
1335,16,add,2022-01-21
1336,1,add,2021-10-21
1337,16,add,2021-05-29
1338,5,add,2021-12-16
1339,26,select,2021-11-26
1340,3,add,2021-09-12
1341,14,select,2021-12-21
1342,28,add,2021-04-26
1343,16,delete,2021-08-17
1344,4,edit,2022-03-30
1345,12,edit,2021-04-21
1346,17,delete,2021-04-11
1347,19,select,2021-12-01
1348,24,select,2021-10-23
1349,9,add,2021-08-31
1350,18,delete,2021-05-23
1351,12,delete,2021-09-29
1352,22,export,2022-01-26
1353,15,delete,2021-04-05
1354,5,select,2022-02-25
1355,28,edit,2021-07-21
1356,19,select,2021-10-31
1357,24,delete,2021-12-28
1358,15,export,2021-08-02
1359,6,add,2021-12-20
1360,12,edit,2021-06-23
1361,18,edit,2021-12-24
1362,10,add,2022-01-24
1363,30,add,2021-10-20
1364,8,edit,2021-08-23
1365,6,add,2021-04-04
1366,16,delete,2021-05-31
1367,19,delete,2021-04-12
1368,21,add,2021-08-20
1369,1,export,2021-04-13
1370,25,delete,2021-06-27
1371,15,add,2021-11-26
1372,14,edit,2021-12-24
1373,1,edit,2022-01-12
1374,20,add,2021-09-27
1375,9,export,2021-04-03
1376,9,select,2021-04-22
1377,17,edit,2021-09-23
1378,2,edit,2022-02-21
1379,27,edit,2021-11-15
1380,12,select,2021-05-06
1381,25,export,2022-01-28
1382,7,add,2022-02-16
1383,5,edit,2022-01-28
1384,28,select,2021-07-15
1385,9,delete,2021-04-29
1386,10,export,2021-11-11
1387,21,select,2021-11-30
1388,29,select,2021-04-14
1389,2,select,2022-03-04
1390,9,add,2021-09-05
1391,15,delete,2021-04-07
1392,1,select,2021-05-14
1393,1,select,2022-02-21
1394,14,select,2021-07-16
1395,2,delete,2021-10-24
1396,27,export,2021-06-22
1397,3,export,2021-08-06
1398,11,delete,2021-10-03
1399,30,select,2021-12-02
1400,10,add,2022-02-07
1401,15,export,2021-08-02
1402,7,edit,2021-10-28
1403,11,edit,2022-03-30
1404,24,delete,2021-04-03
1405,29,export,2021-05-27
1406,29,add,2021-04-26
1407,14,export,2021-05-07
1408,11,select,2021-09-19
1409,21,add,2021-09-03
1410,11,select,2021-08-30
1411,26,add,2021-06-09
1412,24,edit,2021-11-04
1413,15,select,2021-08-01
1414,22,export,2021-12-20
1415,6,select,2021-04-04
1416,6,edit,2022-03-04
1417,30,edit,2022-03-01
1418,7,select,2021-06-05
1419,24,add,2022-02-27
1420,10,export,2021-10-18
1421,10,delete,2022-01-12
1422,29,edit,2022-03-14
1423,25,export,2021-09-13
1424,30,delete,2022-02-14
1425,21,export,2021-08-27
1426,14,delete,2021-08-15
1427,5,export,2021-06-23
1428,18,select,2021-11-16
1429,17,delete,2021-12-01
1430,25,export,2022-02-03
1431,17,edit,2021-09-29
1432,5,export,2021-05-15
1433,9,delete,2021-12-26
1434,3,add,2021-04-15
1435,1,add,2021-12-06
1436,26,delete,2021-04-12
1437,9,add,2022-01-16
1438,24,edit,2021-10-30
1439,26,select,2021-04-07
1440,7,add,2021-12-22
1441,8,add,2021-10-06
1442,13,delete,2021-04-05
1443,9,edit,2021-10-11
1444,17,delete,2022-03-06
1445,19,edit,2021-12-20
1446,24,edit,2021-08-22
1447,4,delete,2021-11-28
1448,5,delete,2021-08-07
1449,26,export,2021-11-06
1450,8,export,2021-04-19
1451,14,edit,2022-03-11
1452,16,add,2021-10-16
1453,24,add,2021-12-24
1454,9,export,2022-01-11
1455,27,delete,2021-07-12
1456,10,edit,2021-08-07
1457,19,edit,2021-10-08
1458,12,export,2022-03-12
1459,26,add,2021-09-28
1460,1,select,2021-08-30
1461,20,edit,2021-11-03
1462,4,export,2021-09-01
1463,30,add,2021-06-21
1464,29,export,2021-11-16
1465,19,add,2022-03-18
1466,26,select,2022-02-08
1467,1,select,2021-11-21
1468,21,add,2021-12-21
1469,1,edit,2021-07-29
1470,7,delete,2022-02-27
1471,28,delete,2021-07-25
1472,28,add,2021-06-16
1473,16,delete,2022-02-05
1474,12,select,2021-10-28
1475,6,select,2022-03-30
1476,16,select,2022-02-04
1477,10,edit,2021-06-29
1478,30,add,2021-05-05
1479,7,edit,2021-11-07
1480,16,add,2021-04-22
1481,2,select,2021-06-02
1482,29,add,2021-07-31
1483,24,add,2022-03-02
1484,9,export,2021-12-09
1485,6,select,2022-03-10
1486,2,select,2021-06-21
1487,11,edit,2021-08-11
1488,25,delete,2021-04-22
1489,25,edit,2021-06-29
1490,16,export,2021-12-05
1491,17,edit,2021-08-12
1492,6,export,2022-01-16
1493,25,export,2022-03-30
1494,23,select,2022-02-13
1495,29,add,2021-09-05
1496,23,add,2021-11-01
1497,25,add,2021-08-08
1498,11,delete,2021-12-20
1499,16,add,2021-09-27
1500,24,edit,2021-04-24
1501,5,delete,2021-05-14
1502,21,export,2021-09-19
1503,6,delete,2022-03-08
1504,9,select,2021-09-23
1505,28,add,2021-07-26
1506,9,edit,2022-01-15
1507,17,edit,2022-03-20
1508,17,add,2021-04-22
1509,24,select,2021-10-14
1510,3,edit,2022-02-18
1511,6,select,2021-04-17
1512,9,delete,2021-09-28
1513,27,select,2022-02-15
1514,6,export,2021-07-26
1515,2,export,2021-07-03
1516,5,select,2021-06-29
1517,23,edit,2021-07-17
1518,22,export,2021-08-02
1519,1,select,2021-11-18
1520,11,select,2021-06-06
1521,4,select,2021-05-13
1522,21,select,2022-01-13
1523,6,delete,2021-12-30
1524,13,edit,2021-06-07
1525,3,select,2021-06-22
1526,25,add,2022-01-24
1527,15,select,2021-04-05
1528,4,add,2021-07-07
1529,23,select,2022-02-02
1530,22,add,2021-06-14
1531,1,select,2022-03-05
1532,5,select,2021-10-16
1533,6,select,2021-12-31
1534,15,edit,2022-01-02
1535,2,delete,2021-11-12
1536,8,add,2021-09-11
1537,10,edit,2021-06-19
1538,8,export,2022-03-06
1539,4,edit,2021-08-02
1540,28,add,2022-01-23
1541,9,add,2021-12-25
1542,6,delete,2022-01-25
1543,16,add,2022-01-18
1544,20,export,2021-10-15
1545,10,export,2021-06-01
1546,21,select,2021-12-28
1547,17,delete,2021-09-07
1548,23,delete,2021-10-05
1549,5,add,2022-02-19
1550,25,edit,2021-05-17
1551,28,select,2021-08-11
1552,30,select,2021-06-30
1553,30,add,2022-01-22
1554,21,edit,2021-07-25
1555,5,delete,2022-01-18
1556,27,delete,2022-03-16
1557,3,select,2021-11-04
1558,15,add,2021-09-07
1559,15,delete,2021-06-09
1560,5,delete,2021-09-29
1561,19,export,2021-07-31
1562,11,add,2022-02-06
1563,20,edit,2021-10-11
1564,25,add,2021-06-05
1565,20,select,2021-07-26
1566,17,select,2021-09-21
1567,4,export,2021-04-19
1568,30,delete,2022-01-10
1569,26,add,2021-11-10
1570,16,export,2021-09-17
1571,13,delete,2021-06-09
1572,14,select,2022-01-07
1573,9,export,2022-03-01
1574,14,add,2022-03-28
1575,30,edit,2021-11-02
1576,26,add,2021-10-03
1577,24,edit,2021-07-27
1578,14,select,2021-07-25
1579,5,select,2022-01-03
1580,16,delete,2022-03-24
1581,30,add,2021-06-07
1582,18,add,2021-06-28
1583,11,add,2021-10-05
1584,3,delete,2021-07-02
1585,21,select,2022-01-14
1586,20,add,2021-04-04
1587,24,edit,2021-05-11
1588,4,delete,2021-04-22
1589,13,delete,2021-06-08
1590,23,select,2022-03-20
1591,28,delete,2022-03-10
1592,27,export,2022-03-28
1593,28,edit,2021-10-26
1594,6,add,2021-11-01
1595,16,edit,2021-07-04
1596,25,add,2021-06-19
1597,21,edit,2021-05-29
1598,18,add,2022-03-28
1599,6,select,2021-12-21
1600,25,export,2021-12-22
1601,16,add,2021-08-13
1602,17,delete,2021-12-11
1603,24,edit,2021-12-15
1604,2,select,2021-07-22
1605,18,edit,2022-03-12
1606,17,add,2022-01-12
1607,25,delete,2021-10-13
1608,29,add,2021-11-03
1609,10,edit,2021-05-17
1610,19,delete,2021-06-16
1611,21,delete,2021-11-03
1612,8,export,2022-01-29
1613,14,delete,2022-01-30
1614,23,delete,2021-08-12
1615,20,edit,2021-10-30
1616,16,add,2021-07-07
1617,3,select,2022-02-21
1618,11,export,2021-10-27
1619,12,add,2022-03-14
1620,12,export,2022-01-27
1621,7,delete,2021-11-11
1622,20,add,2021-09-30
1623,27,edit,2021-11-12
1624,27,add,2021-09-08
1625,23,add,2021-05-03
1626,12,delete,2022-01-18
1627,17,select,2021-07-26
1628,5,select,2021-04-11
1629,14,export,2022-01-24
1630,27,add,2021-11-21
1631,24,select,2021-08-18
1632,10,select,2021-09-01
1633,2,edit,2022-03-06
1634,11,export,2021-10-17
1635,8,select,2021-06-02
1636,2,select,2022-03-26
1637,8,export,2021-07-09
1638,30,edit,2021-12-28
1639,24,edit,2021-10-27
1640,5,delete,2021-10-03
1641,10,select,2022-02-10
1642,17,export,2021-04-16
1643,27,select,2021-06-17
1644,11,add,2022-01-28
1645,27,select,2022-01-02
1646,14,edit,2022-01-10
1647,7,edit,2022-03-10
1648,29,add,2021-07-22
1649,17,add,2021-07-25
1650,21,export,2021-05-05
1651,13,select,2021-08-19
1652,18,delete,2021-04-03
1653,14,select,2021-12-15
1654,23,export,2022-01-18
1655,30,export,2021-05-18
1656,15,edit,2021-08-11
1657,16,edit,2021-10-28
1658,13,add,2021-06-07
1659,2,edit,2021-09-28
1660,26,delete,2022-02-12
1661,19,add,2021-12-19
1662,28,export,2021-09-06
1663,10,delete,2021-05-28
1664,8,edit,2021-04-26
1665,15,add,2021-05-02
1666,5,export,2021-08-18
1667,27,delete,2021-07-04
1668,16,select,2022-01-21
1669,8,add,2022-03-29
1670,4,edit,2021-09-01
1671,1,add,2022-01-05
1672,29,delete,2021-12-20
1673,20,select,2021-11-27
1674,11,delete,2022-02-23
1675,21,delete,2022-02-01
1676,1,add,2021-09-06
1677,8,export,2021-08-20
1678,26,add,2021-08-15
1679,26,add,2021-07-22
1680,17,delete,2021-04-18
1681,20,export,2021-05-26
1682,28,delete,2021-05-16
1683,5,select,2021-08-31
1684,4,delete,2021-12-15
1685,18,delete,2021-06-04
1686,15,select,2022-03-19
1687,21,edit,2021-06-01
1688,13,add,2021-08-26
1689,26,select,2021-08-05
1690,9,add,2021-12-04
1691,13,select,2022-03-05
1692,8,add,2021-12-05
1693,22,add,2021-07-07
1694,7,edit,2021-12-23
1695,5,edit,2021-04-29
1696,20,select,2021-08-19
1697,9,select,2021-07-11
1698,22,edit,2021-04-03
1699,5,select,2022-01-05
1700,29,add,2021-07-07
1701,29,select,2021-12-13
1702,9,add,2021-11-05
1703,21,add,2021-06-08
1704,1,export,2021-12-19
1705,25,select,2022-03-17
1706,5,add,2021-12-22
1707,8,add,2021-10-09
1708,16,delete,2021-05-17
1709,8,select,2022-01-08
1710,10,export,2022-03-11
1711,4,export,2021-10-15
1712,17,export,2022-01-25
1713,5,edit,2021-12-25
1714,7,select,2021-04-24
1715,2,add,2022-03-18
1716,10,edit,2021-06-23
1717,17,export,2021-10-10
1718,26,delete,2022-03-11
1719,27,edit,2022-01-27
1720,18,select,2021-12-07
1721,15,export,2022-02-24
1722,27,edit,2021-06-19
1723,19,edit,2021-10-19
1724,14,edit,2021-12-29
1725,9,select,2022-01-12
1726,7,delete,2021-05-09
1727,3,export,2021-11-26
1728,6,export,2021-10-14
1729,30,add,2022-03-06
1730,8,delete,2021-12-13
1731,9,edit,2021-04-16
1732,24,edit,2021-04-03
1733,18,add,2022-03-28
1734,24,export,2021-06-19
1735,29,select,2021-07-12
1736,30,select,2021-06-06
1737,21,edit,2021-12-07
1738,6,export,2021-12-13
1739,11,select,2022-01-29
1740,13,select,2021-05-12
1741,17,edit,2022-01-23
1742,24,delete,2022-02-01
1743,1,add,2021-07-09
1744,8,select,2022-02-02
1745,29,delete,2021-07-14
1746,27,edit,2021-06-03
1747,26,add,2021-04-02
1748,21,export,2022-02-02
1749,12,export,2021-06-26
1750,4,edit,2022-02-17
1751,14,select,2022-02-26
1752,16,add,2021-06-11
1753,9,delete,2021-09-16
1754,2,export,2021-12-08
1755,17,select,2021-11-17
1756,14,edit,2022-03-07
1757,24,edit,2021-06-21
1758,16,add,2022-01-12
1759,24,delete,2021-10-26
1760,22,add,2022-03-31
1761,11,delete,2022-01-31
1762,27,add,2022-03-19
1763,12,export,2021-12-29
1764,8,edit,2021-08-06
1765,1,export,2021-08-13
1766,6,select,2021-12-20
1767,18,delete,2021-07-03
1768,9,delete,2022-02-17
1769,11,edit,2021-07-22
1770,16,add,2022-01-04
1771,20,edit,2021-04-17
1772,6,edit,2021-05-26
1773,22,export,2021-07-16
1774,17,export,2022-03-01
1775,15,export,2021-09-16
1776,14,add,2021-12-04
1777,29,edit,2021-07-24
1778,3,add,2021-04-30
1779,19,select,2021-12-02
1780,13,export,2021-07-07
1781,20,export,2021-05-24
1782,27,add,2022-01-02
1783,18,delete,2021-09-01
1784,3,edit,2021-06-01
1785,1,delete,2021-05-07
1786,9,edit,2021-11-06
1787,27,add,2021-09-26
1788,27,export,2021-06-24
1789,10,select,2021-11-07
1790,14,edit,2021-07-03
1791,29,add,2022-03-11
1792,13,add,2022-02-06
1793,16,add,2021-06-19
1794,23,delete,2021-05-03
1795,30,delete,2022-01-11
1796,5,select,2021-11-02
1797,13,add,2021-06-22
1798,6,delete,2021-10-27
1799,11,delete,2021-07-22
1800,6,delete,2021-09-14
1801,24,delete,2021-11-12
1802,8,select,2022-03-23
1803,14,delete,2022-02-07
1804,21,select,2021-08-18
1805,26,edit,2021-05-14
1806,6,edit,2022-01-16
1807,17,export,2022-03-24
1808,27,add,2021-08-23
1809,7,export,2021-07-30
1810,15,add,2021-10-02
1811,16,select,2021-10-25
1812,20,export,2021-08-14
1813,5,delete,2021-10-18
1814,3,delete,2022-03-07
1815,27,edit,2022-03-13
1816,1,export,2021-05-02
1817,18,export,2021-07-07
1818,9,select,2021-05-03
1819,24,add,2021-07-06
1820,6,delete,2021-10-12
1821,5,delete,2022-02-25
1822,9,add,2022-01-11
1823,10,edit,2022-01-26
1824,28,delete,2021-05-07
1825,24,edit,2021-10-18
1826,14,delete,2021-05-22
1827,3,delete,2021-04-20
1828,24,export,2022-03-25
1829,7,export,2021-09-26
1830,9,select,2022-01-26
1831,17,select,2022-02-28
1832,22,export,2021-08-05
1833,21,delete,2021-10-15
1834,24,select,2022-01-14
1835,18,edit,2022-01-18
1836,22,add,2021-06-07
1837,11,add,2021-06-24
1838,9,delete,2021-09-23
1839,27,delete,2021-04-12
1840,9,select,2021-04-27
1841,6,delete,2021-11-06
1842,23,delete,2022-01-13
1843,1,delete,2021-09-05
1844,6,edit,2021-11-13
1845,11,select,2021-11-04
1846,29,edit,2022-03-18
1847,15,delete,2021-08-08
1848,5,select,2021-09-10
1849,7,add,2021-12-13
1850,14,add,2022-03-07
1851,30,export,2022-01-24
1852,23,edit,2021-04-19
1853,11,edit,2021-12-20
1854,13,add,2021-08-20
1855,6,edit,2022-03-05
1856,29,edit,2022-03-29
1857,16,select,2021-07-12
1858,9,delete,2021-06-20
1859,23,edit,2021-11-15
1860,27,delete,2022-03-30
1861,4,delete,2022-01-04
1862,13,add,2021-09-30
1863,7,export,2021-12-17
1864,18,delete,2021-06-15
1865,11,add,2022-01-28
1866,17,add,2021-12-07
1867,12,delete,2021-06-13
1868,15,add,2021-12-03
1869,8,delete,2022-02-20
1870,7,export,2021-12-13
1871,15,select,2022-01-12
1872,13,select,2021-05-24
1873,2,delete,2021-10-22
1874,14,edit,2022-01-03
1875,22,export,2021-09-02
1876,20,edit,2022-02-16
1877,29,delete,2021-11-06
1878,5,delete,2021-11-06
1879,24,select,2022-01-12
1880,28,add,2021-07-01
1881,30,export,2022-03-11
1882,4,add,2022-01-17
1883,19,edit,2021-04-02
1884,15,edit,2021-11-15
1885,23,export,2021-10-19
1886,17,edit,2021-11-27
1887,3,delete,2021-06-06
1888,18,add,2021-04-02
1889,11,edit,2021-10-23
1890,21,add,2021-05-13
1891,27,select,2021-12-03
1892,11,delete,2021-12-27
1893,2,export,2021-05-26
1894,25,select,2021-08-25
1895,3,export,2021-07-24
1896,22,add,2021-11-17
1897,18,delete,2021-10-25
1898,8,select,2022-01-20
1899,30,edit,2021-12-06
1900,21,delete,2021-10-19
1901,26,export,2021-06-18
1902,6,delete,2021-07-11
1903,8,delete,2021-07-23
1904,24,edit,2021-12-07
1905,20,add,2021-11-11
1906,20,export,2021-11-22
1907,14,select,2021-12-28
1908,22,edit,2021-05-14
1909,4,add,2021-06-22
1910,4,edit,2021-10-12
1911,1,select,2021-11-06
1912,1,delete,2021-09-03
1913,16,select,2022-03-25
1914,25,select,2022-01-05
1915,21,edit,2021-08-23
1916,14,add,2022-01-22
1917,16,edit,2021-08-26
1918,21,select,2021-11-17
1919,14,delete,2021-04-15
1920,13,export,2021-04-07
1921,11,edit,2021-07-20
1922,14,edit,2021-09-20
1923,30,edit,2022-01-17
1924,15,add,2021-11-29
1925,27,edit,2021-12-05
1926,8,edit,2021-12-01
1927,10,add,2021-07-23
1928,2,select,2021-04-14
1929,23,add,2021-06-05
1930,15,delete,2021-05-16
1931,10,export,2021-12-05
1932,23,select,2021-06-13
1933,17,select,2021-04-16
1934,29,edit,2021-12-30
1935,2,add,2021-08-05
1936,2,delete,2021-08-16
1937,9,edit,2022-03-23
1938,19,edit,2021-12-06
1939,6,export,2021-05-21
1940,4,export,2022-02-01
1941,8,select,2021-09-30
1942,9,add,2021-11-02
1943,1,export,2021-05-09
1944,3,export,2021-04-01
1945,22,export,2021-10-06
1946,16,edit,2022-03-11
1947,24,add,2022-02-25
1948,18,select,2022-03-26
1949,7,add,2022-03-14
1950,5,edit,2021-04-06
1951,23,delete,2021-12-12
1952,21,select,2021-06-04
1953,19,add,2021-09-21
1954,3,add,2021-08-04
1955,16,delete,2021-11-12
1956,5,delete,2021-09-05
1957,4,delete,2021-11-22
1958,25,delete,2021-06-02
1959,11,delete,2021-06-05
1960,12,select,2022-03-11
1961,7,select,2022-03-20
1962,11,delete,2021-09-24
1963,2,select,2021-06-06
1964,16,select,2021-10-14
1965,2,select,2021-06-24
1966,24,edit,2021-12-05
1967,18,edit,2021-04-27
1968,20,delete,2021-06-22
1969,12,delete,2022-03-11
1970,16,delete,2021-11-17
1971,25,add,2021-05-30
1972,19,delete,2021-08-16
1973,24,delete,2022-03-07
1974,15,select,2021-10-11
1975,19,export,2021-05-31
1976,1,delete,2022-02-05
1977,21,select,2021-08-24
1978,23,add,2021-06-20
1979,13,select,2021-11-07
1980,25,delete,2022-01-22
1981,19,select,2021-07-14
1982,23,delete,2021-04-02
1983,17,delete,2021-04-16
1984,15,edit,2021-09-20
1985,26,add,2022-03-07
1986,23,select,2021-09-12
1987,24,delete,2021-10-20
1988,14,add,2021-07-11
1989,8,edit,2021-09-24
1990,7,export,2021-04-07
1991,5,add,2021-05-26
1992,14,export,2021-08-31
1993,26,export,2021-10-07
1994,2,edit,2021-05-27
1995,15,edit,2021-10-18
1996,23,select,2021-12-25
1997,3,add,2021-07-29
1998,22,select,2021-09-05
1999,19,delete,2021-05-21
2000,30,export,2021-07-28